Workbook

Sheet Dataset
A1: DATA_IMG | B1: ANO | C1: MES | D1: ESTACAO | E1: ORDEM_ESTACAO | F1: CLOUD_PCT | G1: B02_MEAN | H1: B03_MEAN | I1: B04_MEAN | J1: B08_MEAN | K1: B11_MEAN | L1: B12_MEAN | M1: NDVI | N1: NDWI | O1: NBR2 | P1: EVI | Q1: SAVI | R1: BUFFER_KM | S1: RES_M | T1: SCENE_ID | U1: MAHALANOBIS | V1: P_VALUE | W1: Q_NUVENS_SCORE | X1: Q_HAZE_SCORE | Y1: QUALIDADE_SCORE | Z1: QUALIDADE_CLASSE
A2: 2021-10-26 | B2: 2021 | C2: 10 | D2: primavera | E2: 1 | F2: 2.97 | G2: 0.03762297 | H2: 0.063541606 | I2: 0.05814106 | J2: 0.27324528 | K2: 0.19218493 | L2: 0.11874199 | M2: 0.64910412 | N2: -0.62265986 | O2: -0.23620643 | P2: 0.40133801 | Q2: 0.38809437 | R2: 2 | S2: 10 | T2: S2B_MSIL2A_20211026T132239_N0301_R038_T22JEQ_20211026T155636 | U2: 0.57343305 | V2: 0.99934487 | W2: 92.6 | X2: 100 | Y2: 94.8 | Z2: A
A3: 2021-11-03 | B3: 2021 | C3: 11 | D3: primavera | E3: 1 | F3: 2.7 | G3: 0.047508255 | H3: 0.071212724 | I3: 0.068836451 | J3: 0.25170481 | K3: 0.18448682 | L3: 0.11279844 | M3: 0.57049865 | N3: -0.55894178 | O3: -0.24114339 | P3: 0.3494091 | Q3: 0.33429465 | R3: 2 | S3: 10 | T3: S2A_MSIL2A_20211103T133231_N0301_R081_T22JEQ_20211103T160245 | U3: 2.6710143 | V3: 0.30860414 | W3: 93.2 | X3: 100 | Y3: 95.2 | Z3: A
A4: 2021-11-13 | B4: 2021 | C4: 11 | D4: primavera | E4: 1 | F4: 10.35 | G4: 0.05082589 | H4: 0.074396886 | I4: 0.071891509 | J4: 0.27255774 | K4: 0.18683048 | L4: 0.11772638 | M4: 0.58257121 | N4: -0.57114345 | O4: -0.22690049 | P4: 0.37927026 | Q4: 0.35644454 | R4: 2 | S4: 10 | T4: S2A_MSIL2A_20211113T133231_N0301_R081_T22JEQ_20211113T160113 | U4: 1.3252902 | V4: 0.94068504 | W4: 74.1 | X4: 100 | Y4: 81.9 | Z4: B
A5: 2021-12-08 | B5: 2021 | C5: 12 | D5: primavera | E5: 1 | F5: 6.54 | G5: 0.050299626 | H5: 0.072477363 | I5: 0.064386338 | J5: 0.2878021 | K5: 0.18454181 | L5: 0.11500884 | M5: 0.63436425 | N5: -0.5976603 | O5: -0.23212424 | P5: 0.43068168 | Q5: 0.39325058 | R5: 2 | S5: 10 | T5: S2B_MSIL2A_20211208T133219_N0301_R081_T22JEQ_20211208T155721 | U5: 1.8880176 | V5: 0.73535466 | W5: 83.6 | X5: 100 | Y5: 88.5 | Z5: B
A6: 2021-12-10 | B6: 2021 | C6: 12 | D6: primavera | E6: 1 | F6: 1.84 | G6: 0.035322975 | H6: 0.068308897 | I6: 0.05928231 | J6: 0.32068336 | K6: 0.21009104 | L6: 0.12122572 | M6: 0.68795967 | N6: -0.64879048 | O6: -0.26821861 | P6: 0.46299931 | Q6: 0.4455874 | R6: 2 | S6: 10 | T6: S2A_MSIL2A_20211210T132231_N0301_R038_T22JEQ_20211210T155050 | U6: 2.8302203 | V6: 0.23736087 | W6: 95.4 | X6: 100 | Y6: 96.8 | Z6: A
A7: 2021-12-20 | B7: 2021 | C7: 12 | D7: primavera | E7: 1 | F7: 3.08 | G7: 0.035299271 | H7: 0.064741626 | I7: 0.053507946 | J7: 0.31581199 | K7: 0.20158014 | L7: 0.11316323 | M7: 0.71023524 | N7: -0.65975034 | O7: -0.28091744 | P7: 0.47791913 | Q7: 0.45260215 | R7: 2 | S7: 10 | T7: S2A_MSIL2A_20211220T132231_N0301_R038_T22JEQ_20211220T154708 | U7: 2.4081437 | V7: 0.44606081 | W7: 92.3 | X7: 100 | Y7: 94.6 | Z7: A
A8: 2021-12-23 | B8: 2021 | C8: 12 | D8: verão | E8: 2 | F8: 0.02 | G8: 0.026121205 | H8: 0.051183175 | I8: 0.040755421 | J8: 0.28991213 | K8: 0.16535833 | L8: 0.088698864 | M8: 0.75349611 | N8: -0.6998893 | O8: -0.301741 | P8: 0.46535313 | Q8: 0.44992134 | R8: 2 | S8: 10 | T8: S2A_MSIL2A_20211223T133231_N0301_R081_T22JEQ_20211223T160451 | U8: 0.65310976 | V8: 0.5 | W8: 100 | X8: 100 | Y8: 100 | Z8: A
A9: 2021-12-25 | B9: 2021 | C9: 12 | D9: verão | E9: 2 | F9: 0.16 | G9: 0.034907732 | H9: 0.062862009 | I9: 0.051534634 | J9: 0.32033184 | K9: 0.200647 | L9: 0.11445936 | M9: 0.72283262 | N9: -0.67190492 | O9: -0.27351919 | P9: 0.49131942 | Q9: 0.46245137 | R9: 2 | S9: 10 | T9: S2B_MSIL2A_20211225T132229_N0301_R038_T22JEQ_20211225T154300 | U9: 0.26462638 | V9: 0.5 | W9: 99.6 | X9: 100 | Y9: 99.7 | Z9: A
A10: 2021-12-28 | B10: 2021 | C10: 12 | D10: verão | E10: 2 | F10: 0.11 | G10: 0.031795613 | H10: 0.05283704 | I10: 0.044133067 | J10: 0.26982021 | K10: 0.17108388 | L10: 0.094600327 | M10: 0.71885586 | N10: -0.67248809 | O10: -0.28787392 | P10: 0.43530241 | Q10: 0.41590929 | R10: 2 | S10: 10 | T10: S2B_MSIL2A_20211228T133219_N0301_R081_T22JEQ_20211228T155945 | U10: 0.21424379 | V10: 0.5 | W10: 99.7 | X10: 100 | Y10: 99.8 | Z10: A
A11: 2021-04-02 | B11: 2021 | C11: 4 | D11: outono | E11: 3 | F11: 19.53 | G11: 0.077828549 | H11: 0.087715879 | I11: 0.083523311 | J11: 0.21463846 | K11: 0.1683986 | L11: 0.12168081 | M11: 0.43974495 | N11: -0.41978091 | O11: -0.16105174 | P11: 0.28954881 | Q11: 0.24640708 | R11: 2 | S11: 10 | T11: S2B_MSIL2A_20210402T133219_N0300_R081_T22JEQ_20210402T154945 | U11: 3.2145275 | V11: 0.11130399 | W11: 51.2 | X11: 100 | Y11: 65.8 | Z11: D
A12: 2021-04-09 | B12: 2021 | C12: 4 | D12: outono | E12: 3 | F12: 9.22 | G12: 0.032504916 | H12: 0.050680295 | I12: 0.047557432 | J12: 0.22856762 | K12: 0.17365503 | L12: 0.10557234 | M12: 0.65553701 | N12: -0.63702291 | O12: -0.2438253 | P12: 0.35628408 | Q12: 0.34983444 | R12: 2 | S12: 10 | T12: S2B_MSIL2A_20210409T132229_N0300_R038_T22JEQ_20210409T153715 | U12: 1.2160852 | V12: 0.96088622 | W12: 77 | X12: 100 | Y12: 83.9 | Z12: B
A13: 2021-04-19 | B13: 2021 | C13: 4 | D13: outono | E13: 3 | F13: 7.83 | G13: 0.034236718 | H13: 0.050292812 | I13: 0.045026593 | J13: 0.22081584 | K13: 0.15957372 | L13: 0.09552788 | M13: 0.66125345 | N13: -0.62898403 | O13: -0.25106013 | P13: 0.35607931 | Q13: 0.34430563 | R13: 2 | S13: 10 | T13: S2B_MSIL2A_20210419T132229_N0300_R038_T22JEQ_20210419T153722 | U13: 1.2952474 | V13: 0.94683245 | W13: 80.4 | X13: 100 | Y13: 86.3 | Z13: B
... A151: 2025-09-13 | B151: 2025 | C151: 9 | D151: inverno | E151: 4 | F151: 0 | G151: 0.03069861 | H151: 0.054261167 | I151: 0.051196277 | J151: 0.23485327 | K151: 0.17020871 | L151: 0.097687997 | M151: 0.64204609 | N151: -0.6246388 | O151: -0.270704 | P151: 0.35001183 | Q151: 0.35046834 | R151: 2 | S151: 10 | T151: S2C_MSIL2A_20250913T133201_N0511_R081_T22JEQ_20250913T193212 | U151: 1.5640106 | V151: 0.8744473 | W151: 100 | X151: 100 | Y151: 100 | Z151: A

Sheet Planilha1
C2: Estação | D2: 2021 | E2: 2022 | F2: 2023 | G2: 2024 | H2: 2025 | I2: Total | J2: (%)
C3: Primavera | D3: =COUNTIFS(Dataset!$D$2:$D$151,$C3,Dataset!$B$2:$B$151,D$2) -> 6 | E3: =COUNTIFS(Dataset!$D$2:$D$151,$C3,Dataset!$B$2:$B$151,E$2) -> 12 | F3: =COUNTIFS(Dataset!$D$2:$D$151,$C3,Dataset!$B$2:$B$151,F$2) -> 3 | G3: =COUNTIFS(Dataset!$D$2:$D$151,$C3,Dataset!$B$2:$B$151,G$2) -> 8 | H3: =COUNTIFS(Dataset!$D$2:$D$151,$C3,Dataset!$B$2:$B$151,H$2) -> 3 | I3: =SUM(D3:H3) -> 32 | J3: =I3/$I$7 -> 0.21333333
C4: Verão | D4: =COUNTIFS(Dataset!$D$2:$D$151,$C4,Dataset!$B$2:$B$151,D$2) -> 3 | E4: =COUNTIFS(Dataset!$D$2:$D$151,$C4,Dataset!$B$2:$B$151,E$2) -> 2 | F4: =COUNTIFS(Dataset!$D$2:$D$151,$C4,Dataset!$B$2:$B$151,F$2) -> 1 | G4: =COUNTIFS(Dataset!$D$2:$D$151,$C4,Dataset!$B$2:$B$151,G$2) -> 1 | H4: =COUNTIFS(Dataset!$D$2:$D$151,$C4,Dataset!$B$2:$B$151,H$2) -> 0 | I4: =SUM(D4:H4) -> 7 | J4: =I4/$I$7 -> 0.046666667
C5: Outono | D5: =COUNTIFS(Dataset!$D$2:$D$151,$C5,Dataset!$B$2:$B$151,D$2) -> 11 | E5: =COUNTIFS(Dataset!$D$2:$D$151,$C5,Dataset!$B$2:$B$151,E$2) -> 11 | F5: =COUNTIFS(Dataset!$D$2:$D$151,$C5,Dataset!$B$2:$B$151,F$2) -> 9 | G5: =COUNTIFS(Dataset!$D$2:$D$151,$C5,Dataset!$B$2:$B$151,G$2) -> 9 | H5: =COUNTIFS(Dataset!$D$2:$D$151,$C5,Dataset!$B$2:$B$151,H$2) -> 10 | I5: =SUM(D5:H5) -> 50 | J5: =I5/$I$7 -> 0.33333333
C6: Inverno | D6: =COUNTIFS(Dataset!$D$2:$D$151,$C6,Dataset!$B$2:$B$151,D$2) -> 10 | E6: =COUNTIFS(Dataset!$D$2:$D$151,$C6,Dataset!$B$2:$B$151,E$2) -> 8 | F6: =COUNTIFS(Dataset!$D$2:$D$151,$C6,Dataset!$B$2:$B$151,F$2) -> 13 | G6: =COUNTIFS(Dataset!$D$2:$D$151,$C6,Dataset!$B$2:$B$151,G$2) -> 18 | H6: =COUNTIFS(Dataset!$D$2:$D$151,$C6,Dataset!$B$2:$B$151,H$2) -> 12 | I6: =SUM(D6:H6) -> 61 | J6: =I6/$I$7 -> 0.40666667
C7: Total | D7: =SUM(D3:D6) -> 30 | E7: =SUM(E3:E6) -> 33 | F7: =SUM(F3:F6) -> 26 | G7: =SUM(G3:G6) -> 36 | H7: =SUM(H3:H6) -> 25 | I7: =SUM(D7:H7) -> 150 | J7: =I7/$I$7 -> 1
C8: (%) | D8: =D7/$I$7 -> 0.2 | E8: =E7/$I$7 -> 0.22 | F8: =F7/$I$7 -> 0.17333333 | G8: =G7/$I$7 -> 0.24 | H8: =H7/$I$7 -> 0.16666667 | I8: =I7/$I$7 -> 1
